{
	"schemaVersion": 1,
	"id": "smoothswitch",
	"version": "${version}",
	"name": "SmoothSwitch",
	"description": "This is an example description! Tell everyone what your mod is about!",
	"authors": [
		"Me!"
	],
	"contact": {
		"homepage": "https://fabricmc.net/",
		"sources": "https://github.com/FabricMC/fabric-example-mod"
	},
	"license": "CC0-1.0",
	"icon": "assets/smoothswitch/icon.png",
	"environment": "*",
	"entrypoints": {
		"main": [
			"com.fabric.deepseekv3.muroj.SmoothSwitch"
		],
		"client": [
			"com.fabric.deepseekv3.muroj.SmoothSwitchClient"
		],
		"fabric-datagen": [
			"com.fabric.deepseekv3.muroj.SmoothSwitchDataGenerator"
		]
	},
	"mixins": [
		"smoothswitch.mixins.json",
		{
			"config": "smoothswitch.client.mixins.json",
			"environment": "client"
		}
	],
	"depends": {
		"fabricloader": ">=0.17.2",
		"minecraft": "~1.20.4",
		"java": ">=17",
		"fabric-api": "*"
	},
	"suggests": {
		"another-mod": "*"
	}
}